{"cameraMode":{"drawMode":0,"name":"Shaded","section":"Shading Mode"},"sceneLighting":true,"audioPlay":false,"sceneViewState":{"m_AlwaysRefresh":false,"showFog":true,"showSkybox":true,"showFlares":true,"showImageEffects":true,"showParticleSystems":true,"showVisualEffectGraphs":true,"m_FxEnabled":true},"in2DMode":false,"pivot":{"x":1217.114990234375,"y":-12.336737632751465,"z":139.20858764648438},"rotation":{"x":0.12517361342906953,"y":0.2093774378299713,"z":-0.02703103795647621,"w":0.9694311022758484},"size":33.67760467529297,"orthographic":false}