{"cameraMode":{"drawMode":0,"name":"Shaded","section":"Shading Mode"},"sceneLighting":true,"audioPlay":false,"sceneViewState":{"m_AlwaysRefresh":false,"showFog":true,"showSkybox":true,"showFlares":true,"showImageEffects":true,"showParticleSystems":true,"showVisualEffectGraphs":true,"m_FxEnabled":true},"in2DMode":false,"pivot":{"x":1191.904052734375,"y":2.0662152767181398,"z":87.95307922363281},"rotation":{"x":0.05592919886112213,"y":0.2154311090707779,"z":-0.012359753251075745,"w":0.9748407006263733},"size":0.8660253882408142,"orthographic":false}